{
  "zju_gymnasium": {
    "zh_name": "体育馆",
    "footprint": [
      [
        120.083898,
        30.308201
      ],
      [
        120.083826,
        30.308383
      ],
      [
        120.083829,
        30.308575
      ],
      [
        120.083907,
        30.308755
      ],
      [
        120.084051,
        30.308901
      ],
      [
        120.084243,
        30.308998
      ],
      [
        120.084462,
        30.309032
      ],
      [
        120.084682,
        30.309001
      ],
      [
        120.084876,
        30.308908
      ],
      [
        120.085023,
        30.308763
      ],
      [
        120.085101,
        30.308598
      ],
      [
        120.085115,
        30.308421
      ],
      [
        120.085064,
        30.308248
      ],
      [
        120.084953,
        30.308098
      ],
      [
        120.084794,
        30.307985
      ],
      [
        120.084601,
        30.307922
      ],
      [
        120.084395,
        30.307914
      ],
      [
        120.084196,
        30.307961
      ],
      [
        120.084025,
        30.30806
      ],
      [
        120.083898,
        30.308201
      ]
    ],
    "height": 14.0,
    "center": [
      120.08444695,
      30.308446219999997
    ]
  },
  "medical_college": {
    "zh_name": "浙江大学医学院",
    "footprint": [
      [
        120.078401,
        30.299199
      ],
      [
        120.079239,
        30.29919
      ],
      [
        120.079234,
        30.298843
      ],
      [
        120.079318,
        30.298843
      ],
      [
        120.079612,
        30.298841
      ],
      [
        120.079681,
        30.29884
      ],
      [
        120.079683,
        30.299046
      ],
      [
        120.080149,
        30.299044
      ],
      [
        120.080166,
        30.298709
      ],
      [
        120.079614,
        30.298712
      ],
      [
        120.079313,
        30.298713
      ],
      [
        120.079033,
        30.298714
      ],
      [
        120.079033,
        30.298964
      ],
      [
        120.078642,
        30.298967
      ],
      [
        120.078645,
        30.298828
      ],
      [
        120.078648,
        30.298689
      ],
      [
        120.078907,
        30.298686
      ],
      [
        120.078898,
        30.298034
      ],
      [
        120.079287,
        30.298033
      ],
      [
        120.079631,
        30.298033
      ],
      [
        120.079634,
        30.298344
      ],
      [
        120.079841,
        30.29834
      ],
      [
        120.079844,
        30.298025
      ],
      [
        120.080016,
        30.298025
      ],
      [
        120.080444,
        30.298407
      ],
      [
        120.08057,
        30.298292
      ],
      [
        120.080284,
        30.298017
      ],
      [
        120.080742,
        30.298025
      ],
      [
        120.080748,
        30.297687
      ],
      [
        120.079274,
        30.297684
      ],
      [
        120.078687,
        30.297683
      ],
      [
        120.078678,
        30.298465
      ],
      [
        120.078391,
        30.298468
      ],
      [
        120.078396,
        30.298834
      ],
      [
        120.078401,
        30.299199
      ]
    ],
    "height": 12,
    "center": [
      120.07940246285715,
      30.29852641428571
    ]
  },
  "qizhen_hotel": {
    "zh_name": "圆正·启真酒店",
    "footprint": [
      [
        120.082611,
        30.312953
      ],
      [
        120.08308,
        30.313025
      ],
      [
        120.08313,
        30.312773
      ],
      [
        120.08316,
        30.312778
      ],
      [
        120.083188,
        30.312626
      ],
      [
        120.083036,
        30.31261
      ],
      [
        120.082956,
        30.312574
      ],
      [
        120.082909,
        30.312541
      ],
      [
        120.082875,
        30.312497
      ],
      [
        120.082829,
        30.312422
      ],
      [
        120.082735,
        30.312373
      ],
      [
        120.082629,
        30.312369
      ],
      [
        120.082551,
        30.312383
      ],
      [
        120.082491,
        30.312429
      ],
      [
        120.082452,
        30.312497
      ],
      [
        120.082452,
        30.312582
      ],
      [
        120.082477,
        30.312646
      ],
      [
        120.082541,
        30.312695
      ],
      [
        120.082602,
        30.312715
      ],
      [
        120.082668,
        30.312728
      ],
      [
        120.082611,
        30.312953
      ]
    ],
    "height": 12,
    "center": [
      120.08276119523812,
      30.312627042857144
    ]
  },
  "qiushi_auditorium": {
    "zh_name": "求是大讲堂",
    "footprint": [
      [
        120.076361,
        30.308527
      ],
      [
        120.077122,
        30.308555
      ],
      [
        120.077144,
        30.308416
      ],
      [
        120.076382,
        30.308296
      ],
      [
        120.076361,
        30.308527
      ]
    ],
    "height": 12,
    "center": [
      120.07667397999998,
      30.30846414
    ]
  },
  "nanhua_garden": {
    "zh_name": "南华园",
    "footprint": [
      [
        120.081204,
        30.30062
      ],
      [
        120.081033,
        30.300624
      ],
      [
        120.08103,
        30.30054
      ],
      [
        120.08099,
        30.300541
      ],
      [
        120.080984,
        30.300353
      ],
      [
        120.081057,
        30.300351
      ],
      [
        120.081056,
        30.300317
      ],
      [
        120.081153,
        30.300315
      ],
      [
        120.081152,
        30.300274
      ],
      [
        120.081223,
        30.300273
      ],
      [
        120.081222,
        30.30022
      ],
      [
        120.081428,
        30.300216
      ],
      [
        120.081429,
        30.300247
      ],
      [
        120.081484,
        30.300246
      ],
      [
        120.081487,
        30.300355
      ],
      [
        120.081419,
        30.300356
      ],
      [
        120.081419,
        30.30038
      ],
      [
        120.081329,
        30.300382
      ],
      [
        120.081239,
        30.300384
      ],
      [
        120.081243,
        30.300534
      ],
      [
        120.081202,
        30.300535
      ],
      [
        120.081204,
        30.30062
      ]
    ],
    "height": 12,
    "center": [
      120.08122664999998,
      30.30039470454545
    ]
  },
  "pharmacy_college": {
    "zh_name": "浙江大学药学院",
    "footprint": [
      [
        120.080807,
        30.298745
      ],
      [
        120.081732,
        30.298744
      ],
      [
        120.081732,
        30.299105
      ],
      [
        120.080807,
        30.299106
      ],
      [
        120.080807,
        30.298745
      ]
    ],
    "height": 12,
    "center": [
      120.08117684000001,
      30.29888914
    ]
  },
  "mengmingwei_building": {
    "zh_name": "蒙民伟楼 / 图书信息C楼",