{
  "old_management_building": [
    30.242985245863224,
    57.123749513784446
  ],
  "qiushi_plaque": [
    -9.854315354798814,
    15.350385454636182
  ],
  "qiushi_auditorium": [
    -82.59567181756756,
    15.957858182661198
  ],
  "old_zju_gate": [
    33.462481295146176,
    -25.0054736598494
  ],
  "zju_gymnasium": [
    -0.00013664638186128286,
    6.186292932852666e-05
  ],
  "zju_library": [
    56.189607530961894,
    17.243198899532217
  ],
  "zju_crescent_building": [
    -27.20999246628446,
    23.210962792105647
  ],
  "south_gate": [
    -36.63899625295136,
    -13.90628518510357
  ],
  "medical_college": [
    -6.767807240927652,
    -5.312627407009131
  ],
  "architectural_college": [
    -17.578620641849284,
    4.086323555122874
  ],
  "qizhen_hotel": [
    -5.4413121119978314e-05,
    0.0003287435190486576
  ],
  "nanhua_garden": [
    10.614641026494354,
    -11.279482738688102
  ],
  "pharmacy_college": [
    -10.844838560139266,
    9.379266151121556
  ],
  "life_science_college": [
    76.49632561419696,
    7.657760510189007
  ],
  "agricultural_college": [
    50.583544177846136,
    -61.949575911386944
  ],
  "environmental_resource_college": [
    -4.901326356910431,
    5.209233666844341
  ],
  "animal_science_college": [
    -30.732033448818697,
    -87.10415473517008
  ],
  "bioengineering_food_college": [
    -49.111849944604046,
    21.161871846852875
  ],
  "nano_building": [
    39.26718153131401,
    61.19349284122052
  ],
  "foreign_language_college": [
    -6.630906505113671,
    16.853034315546722
  ],
  "mengmingwei_building": [
    0.0011910172985380996,
    -0.0006241680777065994
  ],
  "public_administration_college": [
    -44.82902398405946,
    51.085106571233155
  ],
  "zhu_kezhen_college": [
    10.795504540770366,
    -67.70504238852962
  ],
  "humanities_college": [
    -2.829301185338352,
    -30.70468746671378
  ],
  "education_college": [
    -19.28981387325547,
    14.124880438044215
  ],
  "art_archaeology_museum": [
    42.159758058787816,
    -16.669510532165077
  ]
}